[
    {
        "keypoints": [
            {
                "x": 168.07216905717655,
                "y": 404.11388242885283,
                "name": "wrist"
            },
            {
                "x": 197.81822630995978,
                "y": 399.816427778122,
                "name": "thumb_cmc"
            },
            {
                "x": 226.1230666704741,
                "y": 383.60022413447956,
                "name": "thumb_mcp"
            },
            {
                "x": 255.6531073006461,
                "y": 377.2683652454979,
                "name": "thumb_ip"
            },
            {
                "x": 281.2816024659679,
                "y": 374.4397341632392,
                "name": "thumb_tip"
            },
            {
                "x": 214.93642371830936,
                "y": 318.5061002334054,
                "name": "index_finger_mcp"
            },
            {
                "x": 233.56358021452436,
                "y": 280.16503123587137,
                "name": "index_finger_pip"
            },
            {
                "x": 245.70704385467866,
                "y": 254.44917818759836,
                "name": "index_finger_dip"
            },
            {
                "x": 255.41531337093062,
                "y": 232.5469694946599,
                "name": "index_finger_tip"
            },
            {
                "x": 187.92843785688495,
                "y": 309.8956375747806,
                "name": "middle_finger_mcp"
            },
            {
                "x": 194.93160892912107,
                "y": 265.1382460994319,
                "name": "middle_finger_pip"
            },
            {
                "x": 199.61921471521535,
                "y": 233.94122801517562,
                "name": "middle_finger_dip"
            },
            {
                "x": 203.2000206510869,
                "y": 208.82109779994784,
                "name": "middle_finger_tip"
            },
            {
                "x": 161.15287357983195,
                "y": 316.417975757194,
                "name": "ring_finger_mcp"
            },
            {
                "x": 157.93000788749595,
                "y": 276.3607002385504,
                "name": "ring_finger_pip"
            },
            {
                "x": 158.61629797390515,
                "y": 245.97094065259847,
                "name": "ring_finger_dip"
            },
            {
                "x": 160.79449358259615,
                "y": 221.3009730231428,
                "name": "ring_finger_tip"
            },
            {
                "x": 136.18859858887174,
                "y": 335.2167476684489,
                "name": "pinky_finger_mcp"
            },
            {
                "x": 117.53010501073445,
                "y": 311.5078214835403,
                "name": "pinky_finger_pip"
            },
            {
                "x": 105.41399790089558,
                "y": 293.5408418971361,
                "name": "pinky_finger_dip"
            },
            {
                "x": 96.88544284269234,
                "y": 277.0275747397805,
                "name": "pinky_finger_tip"
            }
        ],
        "keypoints3D": [
            {
                "x": -0.02046914518176176,
                "y": 0.07373468204833868,
                "z": 0.0635417029261589,
                "name": "wrist"
            },
            {
                "x": 0.007588173376655238,
                "y": 0.060714759634130144,
                "z": 0.04102011024951935,
                "name": "thumb_cmc"
            },
            {
                "x": 0.03124457339824716,
                "y": 0.054066391078658425,
                "z": 0.01601654291152954,
                "name": "thumb_mcp"
            },
            {
                "x": 0.055672901789933366,
                "y": 0.04683538122735831,
                "z": -0.01805420219898224,
                "name": "thumb_ip"
            },
            {
                "x": 0.07716198149682539,
                "y": 0.03394092803861173,
                "z": -0.03170670568943024,
                "name": "thumb_tip"
            },
            {
                "x": 0.023246404791318884,
                "y": 0.0003346553203721833,
                "z": 0.001647450029850006,
                "name": "index_finger_mcp"
            },
            {
                "x": 0.037620713579227326,
                "y": -0.027728534843174946,
                "z": -0.012547045014798641,
                "name": "index_finger_pip"
            },
            {
                "x": 0.04623781194483185,
                "y": -0.04632432662877333,
                "z": -0.023422416299581528,
                "name": "index_finger_dip"
            },
            {
                "x": 0.05631603910471976,
                "y": -0.05566181890631584,
                "z": -0.0500883013010025,
                "name": "index_finger_tip"
            },
            {
                "x": 0.0015955160377511956,
                "y": -0.006131090894997449,
                "z": 0.0024842843413352966,
                "name": "middle_finger_mcp"
            },
            {
                "x": 0.00942797401405573,
                "y": -0.04193038879510712,
                "z": -0.01860695704817772,
                "name": "middle_finger_pip"
            },
            {
                "x": 0.010729001376599292,
                "y": -0.06040393238107741,
                "z": -0.04215516149997711,
                "name": "middle_finger_dip"
            },
            {
                "x": 0.0208267126207729,
                "y": -0.0802346279011356,
                "z": -0.061513401567935944,
                "name": "middle_finger_tip"
            },
            {
                "x": -0.014092536213120819,
                "y": -0.00029973964073724043,
                "z": -0.0018630102276802063,
                "name": "ring_finger_mcp"
            },
            {
                "x": -0.01670554829583866,
                "y": -0.03030704512666748,
                "z": -0.01724947988986969,
                "name": "ring_finger_pip"
            },
            {
                "x": -0.013502521463334924,
                "y": -0.05171500033712381,
                "z": -0.039375558495521545,
                "name": "ring_finger_dip"
            },
            {
                "x": -0.01309362554909579,
                "y": -0.0703986234100316,
                "z": -0.06246484816074371,
                "name": "ring_finger_tip"
            },
            {
                "x": -0.0325292552883789,
                "y": 0.01566575509762609,
                "z": 0.0006501823663711548,
                "name": "pinky_finger_mcp"
            },
            {
                "x": -0.0456509014550074,
                "y": -0.0020926586353743927,
                "z": -0.00613567978143692,
                "name": "pinky_finger_pip"
            },
            {
                "x": -0.05562941151353145,
                "y": -0.015667490088407364,
                "z": -0.02503512054681778,
                "name": "pinky_finger_dip"
            },
            {
                "x": -0.05972593161499239,
                "y": -0.026277614635583008,
                "z": -0.04746208339929581,
                "name": "pinky_finger_tip"
            }
        ],
        "handedness": "Left",
        "confidence": 0.9964084029197693,
        "wrist": {
            "x": 168.07216905717655,
            "y": 404.11388242885283,
            "x3D": -0.02046914518176176,
            "y3D": 0.07373468204833868,
            "z3D": 0.0635417029261589
        },
        "thumb_cmc": {
            "x": 197.81822630995978,
            "y": 399.816427778122,
            "x3D": 0.007588173376655238,
            "y3D": 0.060714759634130144,
            "z3D": 0.04102011024951935
        },
        "thumb_mcp": {
            "x": 226.1230666704741,
            "y": 383.60022413447956,
            "x3D": 0.03124457339824716,
            "y3D": 0.054066391078658425,
            "z3D": 0.01601654291152954
        },
        "thumb_ip": {
            "x": 255.6531073006461,
            "y": 377.2683652454979,
            "x3D": 0.055672901789933366,
            "y3D": 0.04683538122735831,
            "z3D": -0.01805420219898224
        },
        "thumb_tip": {
            "x": 281.2816024659679,
            "y": 374.4397341632392,
            "x3D": 0.07716198149682539,
            "y3D": 0.03394092803861173,
            "z3D": -0.03170670568943024
        },
        "index_finger_mcp": {
            "x": 214.93642371830936,
            "y": 318.5061002334054,
            "x3D": 0.023246404791318884,
            "y3D": 0.0003346553203721833,
            "z3D": 0.001647450029850006
        },
        "index_finger_pip": {
            "x": 233.56358021452436,
            "y": 280.16503123587137,
            "x3D": 0.037620713579227326,
            "y3D": -0.027728534843174946,
            "z3D": -0.012547045014798641
        },
        "index_finger_dip": {
            "x": 245.70704385467866,
            "y": 254.44917818759836,
            "x3D": 0.04623781194483185,
            "y3D": -0.04632432662877333,
            "z3D": -0.023422416299581528
        },
        "index_finger_tip": {
            "x": 255.41531337093062,
            "y": 232.5469694946599,
            "x3D": 0.05631603910471976,
            "y3D": -0.05566181890631584,
            "z3D": -0.0500883013010025
        },
        "middle_finger_mcp": {
            "x": 187.92843785688495,
            "y": 309.8956375747806,
            "x3D": 0.0015955160377511956,
            "y3D": -0.006131090894997449,
            "z3D": 0.0024842843413352966
        },
        "middle_finger_pip": {
            "x": 194.93160892912107,
            "y": 265.1382460994319,
            "x3D": 0.00942797401405573,
            "y3D": -0.04193038879510712,
            "z3D": -0.01860695704817772
        },
        "middle_finger_dip": {
            "x": 199.61921471521535,
            "y": 233.94122801517562,
            "x3D": 0.010729001376599292,
            "y3D": -0.06040393238107741,
            "z3D": -0.04215516149997711
        },
        "middle_finger_tip": {
            "x": 203.2000206510869,
            "y": 208.82109779994784,
            "x3D": 0.0208267126207729,
            "y3D": -0.0802346279011356,
            "z3D": -0.061513401567935944
        },
        "ring_finger_mcp": {
            "x": 161.15287357983195,
            "y": 316.417975757194,
            "x3D": -0.014092536213120819,
            "y3D": -0.00029973964073724043,
            "z3D": -0.0018630102276802063
        },
        "ring_finger_pip": {
            "x": 157.93000788749595,
            "y": 276.3607002385504,
            "x3D": -0.01670554829583866,
            "y3D": -0.03030704512666748,
            "z3D": -0.01724947988986969
        },
        "ring_finger_dip": {
            "x": 158.61629797390515,
            "y": 245.97094065259847,
            "x3D": -0.013502521463334924,
            "y3D": -0.05171500033712381,
            "z3D": -0.039375558495521545
        },
        "ring_finger_tip": {
            "x": 160.79449358259615,
            "y": 221.3009730231428,
            "x3D": -0.01309362554909579,
            "y3D": -0.0703986234100316,
            "z3D": -0.06246484816074371
        },
        "pinky_finger_mcp": {
            "x": 136.18859858887174,
            "y": 335.2167476684489,
            "x3D": -0.0325292552883789,
            "y3D": 0.01566575509762609,
            "z3D": 0.0006501823663711548
        },
        "pinky_finger_pip": {
            "x": 117.53010501073445,
            "y": 311.5078214835403,
            "x3D": -0.0456509014550074,
            "y3D": -0.0020926586353743927,
            "z3D": -0.00613567978143692
        },
        "pinky_finger_dip": {
            "x": 105.41399790089558,
            "y": 293.5408418971361,
            "x3D": -0.05562941151353145,
            "y3D": -0.015667490088407364,
            "z3D": -0.02503512054681778
        },
        "pinky_finger_tip": {
            "x": 96.88544284269234,
            "y": 277.0275747397805,
            "x3D": -0.05972593161499239,
            "y3D": -0.026277614635583008,
            "z3D": -0.04746208339929581
        }
    },
    {
        "keypoints": [
            {
                "x": 471.36747614823145,
                "y": 390.6604474517589,
                "name": "wrist"
            },
            {
                "x": 444.7983863170654,
                "y": 391.21762073468,
                "name": "thumb_cmc"
            },
            {
                "x": 414.3902391859388,
                "y": 372.25675203875716,
                "name": "thumb_mcp"
            },
            {
                "x": 386.66879197988914,
                "y": 361.2737366598386,
                "name": "thumb_ip"
            },
            {
                "x": 359.349316484982,
                "y": 357.936276928922,
                "name": "thumb_tip"
            },
            {
                "x": 414.9864003695874,
                "y": 318.26841729241954,
                "name": "index_finger_mcp"
            },
            {
                "x": 400.7254507607935,
                "y": 286.41678372307354,
                "name": "index_finger_pip"
            },
            {
                "x": 390.1516101910188,
                "y": 263.6215746724159,
                "name": "index_finger_dip"
            },
            {
                "x": 379.6449411381502,
                "y": 244.3399656479252,
                "name": "index_finger_tip"
            },
            {
                "x": 433.3017433676936,
                "y": 309.0139378357284,
                "name": "middle_finger_mcp"
            },
            {
                "x": 411.5509586383292,
                "y": 278.11906787739366,
                "name": "middle_finger_pip"
            },
            {
                "x": 393.76909576116367,
                "y": 257.61768687072606,
                "name": "middle_finger_dip"
            },
            {
                "x": 377.0576365728482,
                "y": 239.050700969871,
                "name": "middle_finger_tip"
            },
            {
                "x": 456.7634570891123,
                "y": 308.4373630186504,
                "name": "ring_finger_mcp"
            },
            {
                "x": 445.05159043044046,
                "y": 269.4211169615839,
                "name": "ring_finger_pip"
            },
            {
                "x": 434.49707470507013,
                "y": 244.3634151555462,
                "name": "ring_finger_dip"
            },
            {
                "x": 423.8560023721209,
                "y": 222.90288926101186,
                "name": "ring_finger_tip"
            },
            {
                "x": 481.59968888571643,
                "y": 315.35452319389617,
                "name": "pinky_finger_mcp"
            },
            {
                "x": 487.96470729609007,
                "y": 282.38677940106595,
                "name": "pinky_finger_pip"
            },
            {
                "x": 489.4440053089039,
                "y": 260.4753444518031,
                "name": "pinky_finger_dip"
            },
            {
                "x": 488.7016947305793,
                "y": 239.95773081072792,
                "name": "pinky_finger_tip"
            }
        ],
        "keypoints3D": [
            {
                "x": 0.03576230834071903,
                "y": 0.08047706795659175,
                "z": 0.028350062668323517,
                "name": "wrist"
            },
            {
                "x": 0.00013535572522836367,
                "y": 0.068384258441644,
                "z": 0.0123089998960495,
                "name": "thumb_cmc"
            },
            {
                "x": -0.019842206299687897,
                "y": 0.05982319435488569,
                "z": 0.007897347211837769,
                "name": "thumb_mcp"
            },
            {
                "x": -0.05118266703681743,
                "y": 0.043597402058358825,
                "z": -0.006490757688879967,
                "name": "thumb_ip"
            },
            {
                "x": -0.07411490072552683,
                "y": 0.03551005958559915,
                "z": 0.005093146115541458,
                "name": "thumb_tip"
            },
            {
                "x": -0.028764074147653727,
                "y": 0.01013891882073767,
                "z": 0.004751652479171753,
                "name": "index_finger_mcp"
            },
            {
                "x": -0.038982205395161465,
                "y": -0.021542963134009573,
                "z": -0.0016768360510468483,
                "name": "index_finger_pip"
            },
            {
                "x": -0.04594491954209427,
                "y": -0.04114413926532244,
                "z": -0.0160040482878685,
                "name": "index_finger_dip"
            },
            {
                "x": -0.053448476316208055,
                "y": -0.05253824468499818,
                "z": -0.042930521070957184,
                "name": "index_finger_tip"
            },
            {
                "x": -0.0055329738858971855,
                "y": -0.002331381395630726,
                "z": 0.004815112799406052,
                "name": "middle_finger_mcp"
            },
            {
                "x": -0.025554356724165964,
                "y": -0.035289705381627755,
                "z": -0.007362794131040573,
                "name": "middle_finger_pip"
            },
            {
                "x": -0.049744116845139325,
                "y": -0.042933318632467354,
                "z": -0.03747428208589554,
                "name": "middle_finger_dip"
            },
            {
                "x": -0.06894111534088299,
                "y": -0.058290711941025766,
                "z": -0.059317708015441895,
                "name": "middle_finger_tip"
            },
            {
                "x": 0.019554455410418534,
                "y": -0.008794058931996208,
                "z": -0.0032268986105918884,
                "name": "ring_finger_mcp"
            },
            {
                "x": 0.0013744380467770809,
                "y": -0.0359708452216707,
                "z": -0.014786012470722198,
                "name": "ring_finger_pip"
            },
            {
                "x": -0.010509713199076376,
                "y": -0.05677633309732266,
                "z": -0.03553856909275055,
                "name": "ring_finger_dip"
            },
            {
                "x": -0.021833556067132102,
                "y": -0.077117193710929,
                "z": -0.051526591181755066,
                "name": "ring_finger_tip"
            },
            {
                "x": 0.03777747530313611,
                "y": 0.0012566675584237824,
                "z": -0.011446867138147354,
                "name": "pinky_finger_mcp"
            },
            {
                "x": 0.04227482602102296,
                "y": -0.02303609837624689,
                "z": -0.011766821146011353,
                "name": "pinky_finger_pip"
            },
            {
                "x": 0.044122233628479175,
                "y": -0.04421031620853873,
                "z": -0.02294323593378067,
                "name": "pinky_finger_dip"
            },
            {
                "x": 0.042839134741653205,
                "y": -0.06252322969828364,
                "z": -0.039230670779943466,
                "name": "pinky_finger_tip"
            }
        ],
        "handedness": "Right",
        "confidence": 0.9956539869308472,
        "wrist": {
            "x": 471.36747614823145,
            "y": 390.6604474517589,
            "x3D": 0.03576230834071903,
            "y3D": 0.08047706795659175,
            "z3D": 0.028350062668323517
        },
        "thumb_cmc": {
            "x": 444.7983863170654,
            "y": 391.21762073468,
            "x3D": 0.00013535572522836367,
            "y3D": 0.068384258441644,
            "z3D": 0.0123089998960495
        },
        "thumb_mcp": {
            "x": 414.3902391859388,
            "y": 372.25675203875716,
            "x3D": -0.019842206299687897,
            "y3D": 0.05982319435488569,
            "z3D": 0.007897347211837769
        },
        "thumb_ip": {
            "x": 386.66879197988914,
            "y": 361.2737366598386,
            "x3D": -0.05118266703681743,
            "y3D": 0.043597402058358825,
            "z3D": -0.006490757688879967
        },
        "thumb_tip": {
            "x": 359.349316484982,
            "y": 357.936276928922,
            "x3D": -0.07411490072552683,
            "y3D": 0.03551005958559915,
            "z3D": 0.005093146115541458
        },
        "index_finger_mcp": {
            "x": 414.9864003695874,
            "y": 318.26841729241954,
            "x3D": -0.028764074147653727,
            "y3D": 0.01013891882073767,
            "z3D": 0.004751652479171753
        },
        "index_finger_pip": {
            "x": 400.7254507607935,
            "y": 286.41678372307354,
            "x3D": -0.038982205395161465,
            "y3D": -0.021542963134009573,
            "z3D": -0.0016768360510468483
        },
        "index_finger_dip": {
            "x": 390.1516101910188,
            "y": 263.6215746724159,
            "x3D": -0.04594491954209427,
            "y3D": -0.04114413926532244,
            "z3D": -0.0160040482878685
        },
        "index_finger_tip": {
            "x": 379.6449411381502,
            "y": 244.3399656479252,
            "x3D": -0.053448476316208055,
            "y3D": -0.05253824468499818,
            "z3D": -0.042930521070957184
        },
        "middle_finger_mcp": {
            "x": 433.3017433676936,
            "y": 309.0139378357284,
            "x3D": -0.0055329738858971855,
            "y3D": -0.002331381395630726,
            "z3D": 0.004815112799406052
        },
        "middle_finger_pip": {
            "x": 411.5509586383292,
            "y": 278.11906787739366,
            "x3D": -0.025554356724165964,
            "y3D": -0.035289705381627755,
            "z3D": -0.007362794131040573
        },
        "middle_finger_dip": {
            "x": 393.76909576116367,
            "y": 257.61768687072606,
            "x3D": -0.049744116845139325,
            "y3D": -0.042933318632467354,
            "z3D": -0.03747428208589554
        },
        "middle_finger_tip": {
            "x": 377.0576365728482,
            "y": 239.050700969871,
            "x3D": -0.06894111534088299,
            "y3D": -0.058290711941025766,
            "z3D": -0.059317708015441895
        },
        "ring_finger_mcp": {
            "x": 456.7634570891123,
            "y": 308.4373630186504,
            "x3D": 0.019554455410418534,
            "y3D": -0.008794058931996208,
            "z3D": -0.0032268986105918884
        },
        "ring_finger_pip": {
            "x": 445.05159043044046,
            "y": 269.4211169615839,
            "x3D": 0.0013744380467770809,
            "y3D": -0.0359708452216707,
            "z3D": -0.014786012470722198
        },
        "ring_finger_dip": {
            "x": 434.49707470507013,
            "y": 244.3634151555462,
            "x3D": -0.010509713199076376,
            "y3D": -0.05677633309732266,
            "z3D": -0.03553856909275055
        },
        "ring_finger_tip": {
            "x": 423.8560023721209,
            "y": 222.90288926101186,
            "x3D": -0.021833556067132102,
            "y3D": -0.077117193710929,
            "z3D": -0.051526591181755066
        },
        "pinky_finger_mcp": {
            "x": 481.59968888571643,
            "y": 315.35452319389617,
            "x3D": 0.03777747530313611,
            "y3D": 0.0012566675584237824,
            "z3D": -0.011446867138147354
        },
        "pinky_finger_pip": {
            "x": 487.96470729609007,
            "y": 282.38677940106595,
            "x3D": 0.04227482602102296,
            "y3D": -0.02303609837624689,
            "z3D": -0.011766821146011353
        },
        "pinky_finger_dip": {
            "x": 489.4440053089039,
            "y": 260.4753444518031,
            "x3D": 0.044122233628479175,
            "y3D": -0.04421031620853873,
            "z3D": -0.02294323593378067
        },
        "pinky_finger_tip": {
            "x": 488.7016947305793,
            "y": 239.95773081072792,
            "x3D": 0.042839134741653205,
            "y3D": -0.06252322969828364,
            "z3D": -0.039230670779943466
        }
    }
]
